S1	E1	S2	E2	Reference	Contig	IDY	Ambiguous	Best_group
734267	779830	1	45563	gi_48994873_gb_U00096.2_	NODE_1_length_4636213_cov_44.900525	99.86		True
fake: scaffold gap size wrong estimation (local)
780800	1096806	46550	362556	gi_48994873_gb_U00096.2_	NODE_1_length_4636213_cov_44.900525	100.0		True
local misassembly
1096626	1298721	362557	564652	gi_48994873_gb_U00096.2_	NODE_1_length_4636213_cov_44.900525	99.99		True
relocation, inconsistency = 988219
2286941	2288135	565847	564653	gi_48994873_gb_U00096.2_	NODE_1_length_4636213_cov_44.900525	100.0		True
relocation, inconsistency = 415877
1298718	1871063	565848	1138192	gi_48994873_gb_U00096.2_	NODE_1_length_4636213_cov_44.900525	99.99		True
relocation, inconsistency = 105463
1976527	1977294	1138193	1138960	gi_48994873_gb_U00096.2_	NODE_1_length_4636213_cov_44.900525	100.0		True
relocation, inconsistency = -106240
1871055	2657929	1138961	1925839	gi_48994873_gb_U00096.2_	NODE_1_length_4636213_cov_44.900525	99.99		True
indel: stretch of mismatches
2657930	3706489	1925840	2974308	gi_48994873_gb_U00096.2_	NODE_1_length_4636213_cov_44.900525	99.98		True
local misassembly
3706658	4294345	2974309	3561995	gi_48994873_gb_U00096.2_	NODE_1_length_4636213_cov_44.900525	99.98		True
local misassembly
4294457	4639675	3561996	3907215	gi_48994873_gb_U00096.2_	NODE_1_length_4636213_cov_44.900525	100.0		True
fake: not a misassembly [linear representation of circular genome]
1	257907	3907216	4165121	gi_48994873_gb_U00096.2_	NODE_1_length_4636213_cov_44.900525	99.99		True
relocation, inconsistency = -238112
19796	20563	4165122	4165889	gi_48994873_gb_U00096.2_	NODE_1_length_4636213_cov_44.900525	100.0		True
relocation, inconsistency = 237336
257900	339154	4165890	4247143	gi_48994873_gb_U00096.2_	NODE_1_length_4636213_cov_44.900525	99.97		True
local misassembly
339340	356699	4247144	4264503	gi_48994873_gb_U00096.2_	NODE_1_length_4636213_cov_44.900525	99.95		True
local misassembly
356900	728608	4264504	4636213	gi_48994873_gb_U00096.2_	NODE_1_length_4636213_cov_44.900525	100.0		True
CONTIG	NODE_1_length_4636213_cov_44.900525	4636213	misassembled
730031	733425	3395	1	gi_48994873_gb_U00096.2_	NODE_2_length_3395_cov_59.306287	99.23		True
CONTIG	NODE_2_length_3395_cov_59.306287	3395	correct
CONTIG	NODE_3_length_542_cov_1.014374	542	unaligned
