S1	E1	S2	E2	Reference	Contig	IDY	Ambiguous	Best_group
728748	779830	1	51082	gi_48994873_gb_U00096.2_	NODE_1_length_4641733_cov_44.921928	99.77		True
fake: scaffold gap size wrong estimation (local)
780800	1096806	52069	368075	gi_48994873_gb_U00096.2_	NODE_1_length_4641733_cov_44.921928	100.0		True
local misassembly
1096626	1298721	368076	570171	gi_48994873_gb_U00096.2_	NODE_1_length_4641733_cov_44.921928	99.99		True
relocation, inconsistency = 988219
2286941	2288135	571366	570172	gi_48994873_gb_U00096.2_	NODE_1_length_4641733_cov_44.921928	100.0		True
relocation, inconsistency = 415877
1298718	1871063	571367	1143711	gi_48994873_gb_U00096.2_	NODE_1_length_4641733_cov_44.921928	99.99		True
relocation, inconsistency = 105463
1976527	1977294	1143712	1144479	gi_48994873_gb_U00096.2_	NODE_1_length_4641733_cov_44.921928	100.0		True
relocation, inconsistency = -106240
1871055	2657929	1144480	1931358	gi_48994873_gb_U00096.2_	NODE_1_length_4641733_cov_44.921928	99.99		True
indel: stretch of mismatches
2657930	3706489	1931359	2979827	gi_48994873_gb_U00096.2_	NODE_1_length_4641733_cov_44.921928	99.98		True
local misassembly
3706658	4294345	2979828	3567515	gi_48994873_gb_U00096.2_	NODE_1_length_4641733_cov_44.921928	99.98		True
local misassembly
4294457	4639675	3567516	3912735	gi_48994873_gb_U00096.2_	NODE_1_length_4641733_cov_44.921928	100.0		True
fake: not a misassembly [linear representation of circular genome]
1	257907	3912736	4170641	gi_48994873_gb_U00096.2_	NODE_1_length_4641733_cov_44.921928	99.99		True
relocation, inconsistency = -238112
19796	20563	4170642	4171409	gi_48994873_gb_U00096.2_	NODE_1_length_4641733_cov_44.921928	100.0		True
relocation, inconsistency = 237336
257900	339154	4171410	4252663	gi_48994873_gb_U00096.2_	NODE_1_length_4641733_cov_44.921928	99.97		True
local misassembly
339340	356699	4252664	4270023	gi_48994873_gb_U00096.2_	NODE_1_length_4641733_cov_44.921928	99.95		True
local misassembly
356900	728608	4270024	4641733	gi_48994873_gb_U00096.2_	NODE_1_length_4641733_cov_44.921928	100.0		True
CONTIG	NODE_1_length_4641733_cov_44.921928	4641733	misassembled
CONTIG	NODE_2_length_542_cov_1.014374	542	unaligned
